coin_id,symbol,name,price_usd,market_cap,market_cap_rank,volume_24h,high_24h,low_24h,price_change_24h,pct_change_24h,market_cap_change_24h,market_cap_change_percentage_24h,circulating_supply,total_supply,max_supply,ath,ath_change_percentage,ath_date,atl,atl_change_percentage,atl_date,roi,last_updated,price_change_percentage_1h_in_currency,price_change_percentage_24h_in_currency,pct_change_7d,daily_return,volatility_score,market_dominance_pct,transform_timestamp
bitcoin,btc,Bitcoin,90393.0,1804222131810,1,44358536844.0,91535.0,89736.0,-1141.942858688024,-1.24755,-21339853467.75,-1.16895,19959750.0,19959790.0,21000000.0,126080.0,-28.2381,2025-10-06T18:57:42.558Z,67.81,133329.66064,2013-07-06T00:00:00.000Z,0,2025-12-09T13:59:01.216Z,-0.2739014424330828,-1.2475496829274082,3.5306609442380523,-0.012475499999999999,2.3891054721190264,56.56304427733422,2025-12-09 14:16:56
ethereum,eth,Ethereum,3116.34,375972075212,2,22532704073.0,3163.18,3093.48,-28.610664393101615,-0.90973,-3969604838.982422,-1.04479,120695272.1387262,120695272.1387262,0.0,4946.05,-36.88085,2025-08-24T19:21:03.333Z,0.432979,720929.1343,2015-10-20T00:00:00.000Z,"{'times': 45.10461716996337, 'currency': 'btc', 'percentage': 4510.461716996337}",2025-12-09T13:59:02.318Z,-0.6998900541856038,-0.9097322247524172,10.301269338699814,-0.009097300000000001,5.605499669349907,11.78686635216217,2025-12-09 14:16:56
tether,usdt,Tether,1.0,185730968620,3,72011951914.0,1.0,0.999896,8.023e-05,0.00802,90536466.0,0.04877,185720807124.9028,191187743536.0062,0.0,1.32,-24.41648,2018-07-24T00:00:00.000Z,0.572521,74.67341,2015-03-02T00:00:00.000Z,0,2025-12-09T13:58:59.094Z,0.003807000966023,0.0080228000715655,0.0037561252442612,8.02e-05,0.0058880626221306,5.822735912892322,2025-12-09 14:16:56
ripple,xrp,XRP,2.07,124715276157,4,2599771340.0,2.1,2.05,-0.0301530443134661,-1.43729,-1903106360.2395325,-1.50303,60331635327.0,99985752852.0,100000000000.0,3.65,-43.12575,2025-07-18T03:40:53.808Z,0.00268621,77103.66562,2014-05-22T00:00:00.000Z,0,2025-12-09T13:58:57.818Z,-0.7591975656110884,-1.437289042217205,1.654973089537909,-0.0143729,1.5461315447689543,3.9098709426934533,2025-12-09 14:16:56
binancecoin,bnb,BNB,883.7,121701811598,5,1447330797.0,911.32,882.45,-26.50481008867837,-2.91198,-3657599037.373276,-2.91769,137735785.07,137735777.04,200000000.0,1369.99,-35.34463,2025-10-13T08:41:24.131Z,0.0398177,2224471.46592,2017-10-19T00:00:00.000Z,0,2025-12-09T13:59:05.099Z,-0.5584094251257613,-2.9119756402488917,4.785769666686704,-0.029119799999999998,3.848874833343352,3.8153976922695163,2025-12-09 14:16:56
usd-coin,usdc,USDC,0.999806,78214367324,6,4681774837.0,0.999937,0.999689,-2.122579643382e-06,-0.00021,-5001412.40788269,-0.00639,78225636632.71701,78280095937.41492,0.0,1.17,-14.73866,2019-05-08T00:40:28.300Z,0.877647,13.92568,2023-03-11T08:02:13.981Z,0,2025-12-09T13:58:59.504Z,0.0004900362574066,-0.0002122986530105,0.0003540452264357,-2.1000000000000002e-06,0.00028202261321785,2.452049913406663,2025-12-09 14:16:56
solana,sol,Solana,132.33,74298178181,7,4450453098.0,138.88,132.2,-6.542203055883306,-4.71079,-3502016672.655136,-4.5013,561461168.6082951,615761518.6024543,0.0,293.31,-54.74548,2025-01-19T11:15:27.957Z,0.500801,26404.91123,2020-05-11T19:35:23.449Z,0,2025-12-09T13:58:58.119Z,-0.6668797918426778,-4.710787418139858,3.1265544221511545,-0.0471079,3.9186722110755774,2.3292759068203988,2025-12-09 14:16:56
staked-ether,steth,Lido Staked Ether,3114.58,27175671939,8,26092758.0,3159.45,3094.37,-28.606086959930508,-0.9101,-184896526.42697144,-0.67578,8728804.469209157,8728804.469209157,0.0,4932.89,-36.7294,2025-08-24T19:21:31.902Z,482.9,546.32339,2020-12-22T04:08:21.854Z,0,2025-12-09T13:58:57.964Z,-0.735223662696266,-0.9100981396844088,10.21424941465362,-0.009101,5.56217470732681,0.8519675643319511,2025-12-09 14:16:56
tron,trx,TRON,0.280733,26579100736,9,555147800.0,0.285658,0.280286,-0.0049249004198166,-1.72406,-464581904.03030777,-1.71789,94681657546.30638,94681858324.58418,0.0,0.431288,-34.93347,2024-12-04T00:10:40.323Z,0.00180434,15452.72877,2017-11-12T00:00:00.000Z,"{'times': 146.7540035350534, 'currency': 'usd', 'percentage': 14675.400353505342}",2025-12-09T13:58:59.043Z,0.0266548201435215,-1.7240577603531215,1.0465144042268866,-0.0172406,1.3852872021134433,0.8332648321267877,2025-12-09 14:16:56
dogecoin,doge,Dogecoin,0.141641,22880547995,10,1102348416.0,0.144268,0.139619,-0.0020800351818849,-1.44727,-378014642.61060715,-1.62527,161604132798.579,161630392798.579,0.0,0.731578,-80.59126,2021-05-08T05:08:23.458Z,8.69e-05,163287.72073,2015-05-06T00:00:00.000Z,0,2025-12-09T13:59:03.012Z,0.0688396475958174,-1.447272190905348,3.3612923149355503,-0.0144727,2.404281157467775,0.7173138088227073,2025-12-09 14:16:56
cardano,ada,Cardano,0.449628,16471594664,11,888639423.0,0.453282,0.424677,0.01463414,3.36422,536583321.0,3.36732,36635198912.50997,45000000000.0,45000000000.0,3.09,-85.35582,2021-09-02T06:00:10.474Z,0.01925275,2247.99167,2020-03-13T02:22:55.044Z,0,2025-12-09T13:59:02.247Z,0.8009704188308712,3.364217141705353,14.229978959368069,0.0336422,8.797099479684034,0.5163907048205127,2025-12-09 14:16:56
figure-heloc,figr_heloc,Figure Heloc,1.031,14494528987,12,11497936.0,1.038,1.02,0.0108458,1.06357,151289112.0,1.05478,14064216014.81,14064216014.81,0.0,1.37,-24.75219,2025-10-28T06:05:38.345Z,0.155357,563.37465,2025-10-31T14:27:24.456Z,0,2025-12-09T13:59:03.250Z,0.0,1.063573884003981,-0.0534356245708026,0.0106357,0.5585028122854012,0.45440895021518507,2025-12-09 14:16:56
whitebit,wbt,WhiteBIT Coin,60.76,13024402389,13,86429631.0,61.49,60.51,-0.3857327780307287,-0.63088,-83053685.9994278,-0.63364,214372548.0,320872548.0,400000000.0,63.15,-3.60619,2025-12-04T03:12:02.334Z,3.06,1888.30907,2023-02-13T19:01:21.899Z,0,2025-12-09T13:58:59.592Z,-0.4844614768336763,-0.6308842198931476,4.936077800971133,-0.0063088,2.7834789004855667,0.40831992692372393,2025-12-09 14:16:56
wrapped-steth,wsteth,Wrapped stETH,3807.93,12812257714,14,36018912.0,3861.18,3772.16,-32.08544798388266,-0.83555,-44443760.65371704,-0.34569,3366066.480374854,3366066.480374854,0.0,7256.02,-47.46804,2022-05-13T15:09:54.509Z,558.54,582.44518,2022-05-13T01:36:45.053Z,0,2025-12-09T13:58:59.732Z,-0.6055886052329194,-0.8355548905216109,10.402347283730649,-0.0083555,5.618948641865324,0.4016691113541423,2025-12-09 14:16:56
bitcoin-cash,bch,Bitcoin Cash,581.63,11612004592,15,379071277.0,594.61,570.95,-12.377188449505413,-2.08368,-241646562.5787373,-2.03858,19964349.89665078,19964465.52165078,21000000.0,3785.82,-84.61444,2017-12-20T00:00:00.000Z,76.93,657.09536,2018-12-16T00:00:00.000Z,0,2025-12-09T13:59:02.047Z,0.2354671198333073,-2.08367765887595,9.519184641535734,-0.020836800000000003,5.8014323207678675,0.36404072331547704,2025-12-09 14:16:56
wrapped-bitcoin,wbtc,Wrapped Bitcoin,90218.0,11272595780,16,182556271.0,91423.0,89377.0,-1156.2624152587669,-1.26542,-145107622.7919407,-1.2709,124963.48883569,124963.48883569,124963.48883569,125932.0,-28.32957,2025-10-06T18:55:19.650Z,3139.17,2775.15106,2019-04-02T00:00:00.000Z,0,2025-12-09T13:58:59.997Z,-0.3364488750123341,-1.2654188715975214,3.3684338164556396,-0.012654199999999999,2.3169269082278197,0.35340012905449547,2025-12-09 14:16:56
wrapped-beacon-eth,wbeth,Wrapped Beacon ETH,3383.14,11043356050,17,8503113.0,3435.02,3349.16,-29.1451702503864,-0.85412,-98175735.51643752,-0.88117,3264465.819136715,3264465.819136715,0.0,5330.78,-36.60551,2025-08-24T19:27:46.809Z,1501.6,125.05453,2025-04-09T03:57:40.245Z,0,2025-12-09T13:58:59.572Z,-0.6043400738758068,-0.8541247644312432,10.377300651238038,-0.0085412,5.615710325619019,0.34621337706342764,2025-12-09 14:16:56
usds,usds,USDS,0.999878,9554931331,18,7384836.0,1.0,0.998658,0.00032618,0.03263,71133143.0,0.75005,9556090422.39645,9556090422.39645,0.0,1.057,-5.4324,2024-10-29T05:40:51.197Z,0.948265,5.44352,2024-10-03T13:19:28.826Z,0,2025-12-09T13:58:58.997Z,-0.0128070784022892,0.0326324228498105,0.0103004316563555,0.0003263,0.02146521582817775,0.29955070077765544,2025-12-09 14:16:56
chainlink,link,Chainlink,13.69,9541770598,19,530565984.0,14.01,13.6,-0.2642225554245261,-1.89304,-177395991.6180439,-1.82522,696849970.4525868,1000000000.0,1000000000.0,52.7,-73.87291,2021-05-10T00:13:57.214Z,0.148183,9191.26219,2017-11-29T00:00:00.000Z,0,2025-12-09T13:59:02.297Z,-0.8648517215904032,-1.8930441719568456,12.00240301854802,-0.0189304,6.947721509274009,0.29913810683466113,2025-12-09 14:16:56
binance-bridged-usdt-bnb-smart-chain,bsc-usd,Binance Bridged USDT (BNB Smart Chain),1.0,8982223483,20,1006564652.0,1.001,0.998191,-0.0004457229648233,-0.04455,-3042658.9190368652,-0.03386,8984992892.453934,8984992892.453934,0.0,1.05,-4.90867,2024-08-05T14:21:42.527Z,0.942186,5.96868,2024-12-05T22:30:39.827Z,0,2025-12-09T13:59:01.870Z,-0.0371883935542701,-0.0445517944752184,0.017903410332214,-0.0004455,0.031226705166107,0.28159609375157774,2025-12-09 14:16:56
leo-token,leo,LEO Token,9.56,8815975037,21,888314.0,9.75,9.4,-0.1698085964012055,-1.74481,-157514132.18514442,-1.75533,921949668.9,985239504.0,0.0,10.14,-5.69176,2025-03-10T09:26:43.294Z,0.799859,1094.99074,2019-12-24T15:14:35.376Z,0,2025-12-09T13:59:04.848Z,0.0617841804528998,-1.7448124952196995,-2.03787857959106,-0.0174481,1.89134428979553,0.27638414227046915,2025-12-09 14:16:56
weth,weth,WETH,3118.52,8406634192,22,104625008.0,3170.08,3085.9,-26.342940355995324,-0.83765,-250587456.88631916,-2.89455,2696094.983571818,2696094.983571818,0.0,4950.08,-36.94666,2025-08-24T19:28:11.411Z,82.1,3701.53387,2018-12-15T00:00:00.000Z,0,2025-12-09T13:59:00.155Z,-0.6113376537934448,-0.8376501514680884,10.327630552837086,-0.0083765,5.582640276418543,0.2635511524007414,2025-12-09 14:16:56
wrapped-eeth,weeth,Wrapped eETH,3377.37,7986802190,23,35800146.0,3421.77,3342.64,-29.7226170589488,-0.87238,-36650026.41546154,-0.45679,2364904.210654389,2364904.210654389,0.0,5296.78,-36.31166,2025-08-24T19:25:19.771Z,1505.24,124.11326,2025-04-09T03:45:31.391Z,0,2025-12-09T13:58:59.613Z,-0.6136611389743525,-0.8723760387677124,10.426986696387813,-0.0087238,5.649683348193906,0.25038926080242424,2025-12-09 14:16:56
stellar,xlm,Stellar,0.242313,7837471844,24,115603520.0,0.246182,0.237743,-0.0029724385499331,-1.21183,-101089438.95857906,-1.2734,32348324838.21984,50001786883.67145,0.0,0.875563,-72.30145,2018-01-03T00:00:00.000Z,0.00047612,50836.00343,2015-03-05T00:00:00.000Z,0,2025-12-09T13:58:58.252Z,0.0437945813631808,-1.2118260242172336,2.4063717874926014,-0.0121183,1.8091008937463007,0.24570769813681498,2025-12-09 14:16:56
hyperliquid,hype,Hyperliquid,27.93,7562325966,25,402915442.0,30.32,27.55,-2.374905298065972,-7.83705,-642765958.5353012,-7.83374,270772999.4341414,999835210.4341414,1000000000.0,59.3,-52.98686,2025-09-18T03:30:30.650Z,3.81,632.01398,2024-11-29T09:30:30.871Z,0,2025-12-09T13:59:04.216Z,-0.8944207234695588,-7.8370469316274445,-12.337725386707788,-0.0783705,10.087387693353893,0.23708177109288325,2025-12-09 14:16:56
zcash,zec,Zcash,428.58,7040676988,26,1360709230.0,435.7,383.99,44.58,11.61045,734297535.0,11.64373,16431304.8530448,16432147.0405448,21000000.0,3191.93,-86.49302,2016-10-29T00:00:00.000Z,16.08,2581.15596,2024-07-05T04:22:29.321Z,0,2025-12-09T13:59:00.571Z,-1.2336072877188051,11.610450823175476,31.39488662834486,0.1161045,21.502668314172432,0.22072787889766912,2025-12-09 14:16:56
monero,xmr,Monero,360.92,6659574318,27,130471915.0,377.88,360.87,-12.379786800779073,-3.31627,-223711876.81885433,-3.25007,18446744.07370955,18446744.07370955,0.0,542.33,-33.22161,2018-01-09T00:00:00.000Z,0.216177,167427.91049,2015-01-14T00:00:00.000Z,0,2025-12-09T13:59:05.737Z,-1.050190483888539,-3.316269301179912,-7.752194521602103,-0.033162699999999996,5.534232260801051,0.2087801664639485,2025-12-09 14:16:56
ethena-usde,usde,Ethena USDe,0.999821,6634286560,28,175573251.0,1.001,0.997179,0.00056279,0.05632,-54544721.50378609,-0.81546,6635484924.770918,6633392846.580917,0.0,1.032,-3.26659,2023-12-20T15:38:34.596Z,0.929486,7.41078,2024-10-04T07:57:15.809Z,0,2025-12-09T13:59:03.170Z,0.0684559837554148,0.0563211510617719,0.0449247722975396,0.0005632,0.0506223861487698,0.20798738571361283,2025-12-09 14:16:56
coinbase-wrapped-btc,cbbtc,Coinbase Wrapped BTC,90343.0,6563766687,29,432373337.0,91763.0,89535.0,-1237.9196877189388,-1.35172,-66289454.10202122,-0.99983,72678.25567241,72678.25567227,0.0,125954.0,-28.25157,2025-10-06T18:58:50.734Z,57439.0,57.33256,2024-09-12T14:07:41.775Z,0,2025-12-09T13:59:02.334Z,-0.3246432924552872,-1.3517215043431885,3.487291338824608,-0.0135172,2.419505669412304,0.20577656109916845,2025-12-09 14:16:56
litecoin,ltc,Litecoin,84.47,6461981872,30,466009383.0,84.46,82.55,0.84747,1.01339,61397016.0,0.95924,76609608.23347135,76609608.23347135,84000000.0,410.26,-79.42517,2021-05-10T03:13:07.904Z,1.15,7247.41721,2015-01-14T00:00:00.000Z,0,2025-12-09T13:59:05.371Z,0.5420772801420466,1.0133888627512724,7.611793934054726,0.0101339,4.3125919670273625,0.20258556876175063,2025-12-09 14:16:56
sui,sui,Sui,1.6,5975896453,31,701053208.0,1.64,1.58,-0.0162725212201428,-1.0065,-66033098.940011024,-1.09291,3736866360.651109,10000000000.0,10000000000.0,5.35,-70.08266,2025-01-04T22:56:18.063Z,0.364846,338.41763,2023-10-19T10:40:30.078Z,0,2025-12-09T13:58:58.626Z,-0.4202415006027205,-1.0065019322847235,15.834953581740104,-0.010065,8.420726790870052,0.18734660755364205,2025-12-09 14:16:56
avalanche-2,avax,Avalanche,13.62,5843036123,32,316834870.0,13.78,13.52,-0.129101474794794,-0.93894,-57742564.04968262,-0.97856,429385282.5919801,461054386.260526,720000000.0,144.96,-90.57111,2021-11-21T14:18:56.538Z,2.8,387.96575,2020-12-31T13:15:21.540Z,0,2025-12-09T13:59:01.063Z,-0.2827584921059001,-0.9389363144987064,5.533317754770746,-0.0093894,3.2361288773853727,0.18318138610114154,2025-12-09 14:16:56
hedera-hashgraph,hbar,Hedera,0.135118,5738845864,33,115982528.0,0.136251,0.13257,-0.0001396171329174,-0.10322,-12130066.498566628,-0.21092,42476304284.955,50000000000.0,50000000000.0,0.569229,-76.24645,2021-09-15T10:40:28.318Z,0.00986111,1271.16459,2020-01-02T17:30:24.852Z,0,2025-12-09T13:59:04.118Z,0.1546811005416458,-0.1032234782953633,0.7697490179323292,-0.0010322,0.4364845089661646,0.17991498218713362,2025-12-09 14:16:56
shiba-inu,shib,Shiba Inu,8.61e-06,5072349232,34,113930273.0,8.66e-06,8.43e-06,1.08805e-07,1.28005,62179932.0,1.24107,589244313571696.2,589500595994015.1,0.0,8.616e-05,-89.97493,2021-10-28T03:54:55.568Z,5.6366e-11,15323714.56076,2020-11-28T11:26:25.838Z,0,2025-12-09T13:58:57.678Z,-0.0139863149737689,1.280052910464884,7.7154005466185405,0.0128005,4.49772527330927,0.15902006141111455,2025-12-09 14:16:56
usdt0,usdt0,USDT0,1.0,4528013517,35,243224739.0,1.001,0.998722,0.00042435,0.04244,561669687.0,14.16089,4526601459.44638,4526601459.44638,0.0,1.052,-4.94987,2025-01-23T22:34:53.341Z,0.975737,2.48287,2025-02-28T01:35:58.101Z,0,2025-12-09T13:58:59.703Z,0.0094658681961785,0.0424411473719755,0.0368939245876282,0.00042439999999999996,0.0396669622938141,0.14195493145486496,2025-12-09 14:16:56
dai,dai,Dai,0.999883,4334025064,36,79035798.0,1.001,0.998266,0.00038101,0.03812,4328841.0,0.09998,4334667655.498844,4333283326.452188,0.0,1.22,-18.00383,2020-03-13T03:02:50.373Z,0.88196,13.32447,2023-03-11T07:50:50.514Z,0,2025-12-09T13:59:02.586Z,0.0486246113479516,0.038120316833033,0.0103856086714326,0.0003812,0.0242528043357163,0.1358733202924285,2025-12-09 14:16:56
susds,susds,sUSDS,1.081,4251339577,37,23719202.0,1.086,1.065,0.00263976,0.24482,62438585.0,1.49057,3938706156.863119,3938281914.518285,0.0,1.11,-2.49697,2025-10-10T21:52:27.019Z,0.961716,12.03682,2025-01-04T01:21:08.460Z,0,2025-12-09T13:58:58.245Z,0.3018691777582668,0.2448225125529034,0.240550462042152,0.0024482,0.242685231021076,0.1332810990909393,2025-12-09 14:16:56
world-liberty-financial,wlfi,World Liberty Financial,0.148869,4055862245,38,106018979.0,0.154447,0.148197,-9.2069810940315e-05,-0.06181,-932382.6924448012,-0.02298,27243802538.151154,100000000000.0,100000000000.0,0.331336,-55.09124,2025-09-01T12:20:09.597Z,0.104606,42.24732,2025-10-10T21:22:29.880Z,0,2025-12-09T13:58:59.660Z,-0.4759553500356285,-0.061808032394026,-6.082326271282549,-0.0006181,3.072068135641275,0.1271528110103364,2025-12-09 14:16:56
the-open-network,ton,Toncoin,1.63,3976162630,39,84755012.0,1.66,1.61,-0.0326094843140898,-1.96682,-82648417.33968401,-2.03627,2447293585.90152,5147911100.060653,0.0,8.25,-80.30404,2024-06-15T00:36:51.509Z,0.519364,213.00361,2021-09-21T00:33:11.092Z,0,2025-12-09T13:58:58.819Z,0.5012680074607028,-1.966823301005165,8.160695647270245,-0.0196682,5.063757823635123,0.1246541980221402,2025-12-09 14:16:56
crypto-com-chain,cro,Cronos,0.103453,3863636606,40,14940573.0,0.105211,0.103035,-0.0014103178282677,-1.34492,-56985869.72134733,-1.45349,37353532281.87356,98220204704.60904,100000000000.0,0.965407,-89.27426,2021-11-24T15:53:54.855Z,0.0121196,754.37666,2019-02-08T00:00:00.000Z,0,2025-12-09T13:59:02.390Z,-0.2542950324603954,-1.3449157089268182,-4.458868799200904,-0.0134492,2.9018943996004523,0.12112646473162837,2025-12-09 14:16:56
paypal-usd,pyusd,PayPal USD,0.999846,3827706945,41,86951609.0,1.0,0.998905,0.00040465,0.04049,10719675.0,0.28084,3827883560.07748,3827883560.07748,0.0,1.021,-2.05373,2023-10-23T22:44:57.056Z,0.959426,4.20543,2024-12-05T22:31:13.430Z,0,2025-12-09T13:59:06.598Z,-0.0045025331780466,0.040487816309135,0.0068510919705459,0.0004049,0.023670545985272948,0.12000005630875096,2025-12-09 14:16:56
mantle,mnt,Mantle,1.11,3594157231,42,125916810.0,1.13,1.088,-0.0238593619222056,-2.11337,-74311066.96529102,-2.02567,3252944055.636841,6219316794.89,6219316794.89,2.86,-61.2978,2025-10-09T01:04:46.659Z,0.307978,258.78254,2023-10-18T02:50:46.942Z,0,2025-12-09T13:59:05.242Z,-0.2222393964324894,-2.1133653203409706,12.293113880475484,-0.021133700000000002,7.203241940237742,0.11267818469381397,2025-12-09 14:16:56
ethena-staked-usde,susde,Ethena Staked USDe,1.21,3584635545,43,74011863.0,1.21,1.21,8.808e-05,0.00729,-56472626.13133049,-1.55097,2967645405.44297,2967645405.44297,0.0,1.29,-6.41797,2025-01-29T17:52:32.991Z,1.012,19.34249,2024-04-03T14:23:03.162Z,0,2025-12-09T13:59:03.058Z,0.0098409610041563,0.0072923580594427,0.1122796707699878,7.29e-05,0.0597848353849939,0.11237967624670132,2025-12-09 14:16:56
polkadot,dot,Polkadot,2.12,3484933623,44,160173364.0,2.16,2.09,-0.0185781452968925,-0.86836,-30676176.81102419,-0.87257,1643633540.497753,1643633540.497753,0.0,54.98,-96.13015,2021-11-04T14:10:09.301Z,1.98,7.58477,2025-12-01T15:50:20.422Z,0,2025-12-09T13:58:56.812Z,-0.2637400196201195,-0.8683572390830859,1.6988772588928895,-0.0086836,1.283618629446445,0.1092539833903767,2025-12-09 14:16:56
uniswap,uni,Uniswap,5.49,3459496951,45,234414227.0,5.72,5.43,-0.1694418711286864,-2.99278,-110971745.48307373,-3.10804,629905374.0113912,1000000000.0,1000000000.0,44.92,-87.71379,2021-05-03T05:25:04.822Z,1.03,435.70989,2020-09-17T01:20:38.214Z,0,2025-12-09T13:58:59.305Z,-0.8879009007996168,-2.9927799102197277,-0.8002344553221925,-0.0299278,1.8965072276610964,0.10845653412997955,2025-12-09 14:16:56
bittensor,tao,Bittensor,306.48,2938756206,46,141013959.0,307.15,287.67,8.76,2.94145,86150725.0,3.02007,9597491.0,21000000.0,21000000.0,757.6,-59.69266,2024-03-07T18:45:36.466Z,30.83,890.49864,2023-05-14T08:57:53.732Z,0,2025-12-09T13:59:01.418Z,0.7891067695040506,2.9414465142828883,16.289105721548054,0.0294145,9.615277860774027,0.09213111538184682,2025-12-09 14:16:56
aave,aave,Aave,187.82,2849753497,47,358930816.0,199.03,187.79,-8.432454443358523,-4.29663,-124648849.72539234,-4.19072,15162281.4210017,16000000.0,16000000.0,661.69,-71.41397,2021-05-18T21:19:59.514Z,26.02,626.85644,2020-11-05T09:20:11.928Z,0,2025-12-09T13:59:00.522Z,-1.202525897719385,-4.296632311138684,10.277968589753153,-0.042966300000000006,7.2872992948765765,0.08934084688817785,2025-12-09 14:16:56
usd1-wlfi,usd1,USD1,0.999218,2727972129,48,276839991.0,0.999552,0.99854,0.00037062,0.0371,-1457166.7387280464,-0.05339,2729973392.721158,2729973392.721158,0.0,1.025,-2.49959,2025-05-12T12:36:39.412Z,0.989633,0.96771,2025-10-01T08:51:32.103Z,0,2025-12-09T13:58:59.298Z,0.0183060569552891,0.0371047812065092,-0.0024311118353058,0.000371,0.019765555917652902,0.08552295507270169,2025-12-09 14:16:56
canton-network,cc,Canton,0.074386,2669772601,49,24895319.0,0.076988,0.071698,-8.8746454711366e-05,-0.11916,-19848853.354058743,-0.73798,35905763354.82008,35906575280.22086,0.0,0.159483,-53.49935,2025-11-10T09:46:17.203Z,0.059024,25.64467,2025-12-06T10:32:09.784Z,0,2025-12-09T13:59:01.982Z,1.1344408171464204,-0.1191628017314168,-0.0966111489103692,-0.0011916000000000001,0.1078855744551846,0.08369837792050733,2025-12-09 14:16:56
bitget-token,bgb,Bitget Token,3.56,2494618864,50,81315032.0,3.58,3.54,0.00118161,0.03317,3047122.0,0.1223,699992035.9787906,919992035.9787906,2000000000.0,8.45,-57.81818,2024-12-27T11:41:24.992Z,0.0142795,24862.35719,2020-06-25T04:17:05.895Z,0,2025-12-09T13:59:01.321Z,-0.4705824338893083,0.0331672496281695,2.922481874256962,0.0003317,1.477825937128481,0.07820724220800356,2025-12-09 14:16:56
okb,okb,OKB,111.69,2345367018,51,43354819.0,112.65,108.74,0.317336,0.28493,5831281.0,0.24925,21000000.0,21000000.0,21000000.0,255.5,-56.29728,2025-08-22T01:50:26.131Z,0.580608,19131.8214,2019-01-14T00:00:00.000Z,0,2025-12-09T13:59:06.275Z,-0.2582773375901714,0.2849288082875302,11.193644477980014,0.0028493000000000004,5.7392872389900065,0.07352814054699983,2025-12-09 14:16:56
memecore,m,MemeCore,1.34,2308934260,52,17889331.0,1.37,1.23,0.106807,8.64867,204932902.0,9.74015,1710871702.178667,5310871701.737943,10000000000.0,2.96,-54.31164,2025-09-18T07:27:06.144Z,0.04746135,2748.24348,2025-07-04T03:56:17.448Z,0,2025-12-09T13:59:05.355Z,-1.3180092371268284,8.648672604741064,-4.388401312425384,0.08648669999999999,6.518535656212691,0.07238595984343421,2025-12-09 14:16:56
near,near,NEAR Protocol,1.75,2239514286,53,161073190.0,1.79,1.71,-0.0373862732668703,-2.09376,-49883179.58330631,-2.17888,1282024614.0,1282052915.0,0.0,20.44,-91.41567,2022-01-16T22:09:45.873Z,0.526762,233.06758,2020-11-04T16:09:15.137Z,0,2025-12-09T13:59:06.115Z,0.1490923115301669,-2.0937594065630245,1.3812480234188138,-0.0209376,1.737504011709407,0.07020961747745613,2025-12-09 14:16:56
tether-gold,xaut,Tether Gold,4205.01,2195367613,54,243188564.0,4215.26,4178.95,4.13,0.0982,2120154.0,0.09667,522089.3,522089.3,0.0,4392.88,-4.29725,2025-10-17T05:01:31.881Z,1447.84,190.37077,2020-03-19T13:45:41.821Z,0,2025-12-09T13:58:58.583Z,-0.0054567898221267,0.0982033416133541,0.1524329788622477,0.000982,0.12531648943112383,0.06882560262941138,2025-12-09 14:16:56
falcon-finance,usdf,Falcon USD,0.998753,2187083517,55,1096235.0,1.001,0.99674,-0.0002170296356995,-0.02173,-947081.5826888084,-0.04328,2190113832.786584,2190113832.786584,0.0,1.075,-7.08595,2025-05-08T21:25:42.071Z,0.943422,5.83149,2025-07-08T10:16:34.749Z,0,2025-12-09T13:59:03.226Z,0.0040765377798458,-0.0217253407455428,0.1717481276160977,-0.0002173,0.09673906380804885,0.06856589309554395,2025-12-09 14:16:56
ethereum-classic,etc,Ethereum Classic,13.45,2079983498,56,48582872.0,13.53,13.25,-0.0238823342540257,-0.17725,-4218085.348922491,-0.20238,154647864.0631503,154647864.0631503,210700000.0,167.09,-91.93178,2021-05-06T18:34:22.133Z,0.615038,2091.86566,2016-07-25T00:00:00.000Z,"{'times': 28.88923912395322, 'currency': 'usd', 'percentage': 2888.923912395322}",2025-12-09T13:59:03.240Z,-0.3598955215576279,-0.1772470199013474,3.105962202409249,-0.0017725,1.6416061012046244,0.06520826710814791,2025-12-09 14:16:56
ethena,ena,Ethena,0.265038,2035795007,57,223819418.0,0.281449,0.264524,-0.0110899859665509,-4.01625,-87226179.54125452,-4.10859,7690625000.0,15000000000.0,15000000000.0,1.52,-82.53165,2024-04-11T13:15:15.057Z,0.195078,35.90336,2024-09-06T21:04:48.253Z,0,2025-12-09T13:59:03.171Z,-0.8013865849209973,-4.016253889241864,11.30481163048758,-0.040162500000000004,7.66053081524379,0.06382294125003189,2025-12-09 14:16:56
blackrock-usd-institutional-digital-liquidity-fund,buidl,BlackRock USD Institutional Digital Liquidity Fund,1.0,2029279036,58,0.0,1.0,1.0,0.0,0.0,721174.0,0.03555,2029279036.130449,2029279036.130449,0.0,1.0,0.0,2025-02-12T05:00:10.912Z,1.0,0.0,2025-02-12T05:45:10.196Z,0,2025-12-09T13:55:02.362Z,0.0,0.0,0.0,0.0,0.0,0.06361866310174587,2025-12-09 14:16:56
aster-2,aster,Aster,0.935024,1960115494,59,209287316.0,0.962935,0.927203,-0.0279106950826408,-2.8985,-58343204.57721543,-2.89048,2096639672.0,7922139508.973094,8000000000.0,2.41,-61.18658,2025-09-24T11:18:14.634Z,0.099713,837.59924,2025-09-17T12:05:36.771Z,0,2025-12-09T13:59:00.912Z,-0.9203471276962644,-2.898502307551263,-4.474389195652693,-0.028984999999999997,3.6864445978263465,0.06145035997567865,2025-12-09 14:16:56
pepe,pepe,Pepe,4.64e-06,1948827466,60,460642332.0,5e-06,4.57e-06,-1.58139551204e-07,-3.2992,-65973718.171471834,-3.27445,420690000000000.0,420690000000000.0,420690000000000.0,2.803e-05,-83.4527,2024-12-09T16:30:35.828Z,5.5142e-08,8310.78544,2023-04-18T02:14:41.591Z,0,2025-12-09T13:59:06.839Z,-0.674967914778993,-3.2991969667026835,14.40392121998006,-0.032992,8.85156060999003,0.06109647604070704,2025-12-09 14:16:56
binance-peg-weth,weth,Binance-Peg WETH,3111.13,1882190732,61,64247458.0,3165.39,3088.34,-32.515946259712564,-1.03434,-20295641.429896116,-1.0668,604999.9999588211,604999.9999588211,0.0,4955.78,-37.21776,2025-08-24T19:14:00.505Z,1394.32,123.14487,2025-04-09T01:32:41.942Z,0,2025-12-09T13:59:01.480Z,-0.8634762658293873,-1.0343389678615529,10.125206141323396,-0.0103434,5.579773070661698,0.05900738929840127,2025-12-09 14:16:56
jito-staked-sol,jitosol,Jito Staked SOL,165.03,1862299886,62,27919450.0,172.91,164.74,-7.417206805530753,-4.30125,-96881398.94870593,-4.94499,11282282.67651785,11282282.67651785,0.0,339.52,-51.28967,2025-01-19T11:21:54.080Z,0.57898,28464.3025,2023-09-12T10:21:17.665Z,0,2025-12-09T13:59:04.570Z,-0.6357212436100345,-4.30125240851704,3.14157353938198,-0.043012499999999995,3.72141176969099,0.058383803774659265,2025-12-09 14:16:56
internet-computer,icp,Internet Computer,3.42,1852073744,63,69234956.0,3.49,3.32,-0.0659611651421294,-1.89377,-34284780.17361474,-1.81751,541668124.2521365,541668124.2521365,0.0,700.65,-99.5116,2021-05-10T16:05:53.653Z,2.23,53.34271,2025-10-10T21:26:36.019Z,0,2025-12-09T13:59:04.690Z,-0.235657893802296,-1.8937688422408776,-6.203899985709195,-0.0189377,4.048834992854598,0.05806321036626779,2025-12-09 14:16:56
pi-network,pi,Pi Network,0.216316,1805084395,64,14844374.0,0.221569,0.214332,-0.0017169599368941,-0.78748,-15365841.673413992,-0.84407,8346154501.006946,12840237693.85683,100000000000.0,2.99,-92.77112,2025-02-26T16:41:03.732Z,0.172081,25.50536,2025-10-10T21:25:41.582Z,0,2025-12-09T13:59:06.664Z,0.4767038114011659,-0.7874783958777948,-6.270812632724526,-0.0078748,3.5291463163622634,0.05659007655353502,2025-12-09 14:16:56
rain,rain,Rain,0.00755656,1795414660,65,24966035.0,0.00776753,0.00752143,-0.0001825842418619,-2.35923,-44540782.01486373,-2.42075,237694596391.15857,1149957073107.814,1150000000000.0,0.00823862,-8.14313,2025-11-24T18:21:22.424Z,0.00222126,240.69587,2025-09-14T08:56:57.416Z,0,2025-12-09T13:58:56.884Z,-1.0784516104107325,-2.359231456230445,-4.520277510139709,-0.0235923,3.4397537550698547,0.05628692671443711,2025-12-09 14:16:56
pump-fun,pump,Pump.fun,0.00296436,1747611128,66,108100279.0,0.00310474,0.00294044,-0.0001335433365604,-4.31077,-79666314.55388927,-4.35984,590000000000.0,999989304236.216,1000000000000.0,0.00881908,-66.43159,2025-09-14T16:42:40.248Z,0.00228323,29.65982,2025-07-29T11:15:43.983Z,0,2025-12-09T13:58:56.970Z,-1.4246833122422318,-4.310768889085302,2.5538606383941755,-0.0431077,3.4323153191970874,0.05478826795759302,2025-12-09 14:16:56
jupiter-perpetuals-liquidity-provider-token,jlp,Jupiter Perpetuals Liquidity Provider Token,4.65,1669920356,67,33825975.0,4.75,4.65,-0.0992679084472722,-2.08969,-41396298.59536052,-2.41897,359023961.913444,359023961.913444,0.0,5.99,-22.235,2025-10-06T17:35:59.480Z,0.146839,3070.9667,2023-11-24T05:55:06.706Z,0,2025-12-09T13:59:04.627Z,-0.3533719772856549,-2.0896850891457532,2.6301969770039237,-0.0208969,2.359943488501962,0.05235263295506272,2025-12-09 14:16:56
wrapped-solana,sol,Wrapped SOL,132.31,1668264438,68,618256091.0,138.69,132.16,-6.010553625183945,-4.34524,-98484441.05089426,-5.57433,12608110.39470092,12608110.39470092,0.0,290.3,-54.30182,2025-01-19T11:20:39.814Z,8.11,1535.67331,2022-12-29T20:45:41.226Z,0,2025-12-09T13:59:00.353Z,-0.5032533484856159,-4.345236903191074,3.1146976199523526,-0.0434524,3.7299688099761763,0.05230071930124911,2025-12-09 14:16:56
hash-2,hash,Provenance Blockchain,0.02932086,1526865313,69,93450.0,0.03335006,0.0243742,0.00157124,5.6622,82873241.0,5.73918,52074361259.0,100000000000.0,100000000000.0,0.060147,-51.25128,2025-09-14T16:52:41.627Z,0.00976953,200.12577,2025-12-04T22:25:33.898Z,0,2025-12-09T13:59:03.855Z,-0.9481566063790954,5.66220181494118,28.557913905042113,0.056622000000000006,17.110056952521056,0.047867803405173874,2025-12-09 14:16:56
ondo-finance,ondo,Ondo,0.481566,1521024121,70,102014444.0,0.487158,0.471605,-0.0014429606401715,-0.29874,-4788006.933098316,-0.3138,3159107529.0,10000000000.0,10000000000.0,2.14,-77.47281,2024-12-16T00:36:00.777Z,0.082171,486.72425,2024-01-18T12:14:30.524Z,0,2025-12-09T13:59:06.305Z,-0.2528737518274044,-0.29874413096536,3.409512480419518,-0.0029874,1.854126240209759,0.04768467983302427,2025-12-09 14:16:56
htx-dao,htx,HTX DAO,1.63e-06,1517525339,71,15619808.0,1.63e-06,1.59e-06,9.328e-09,0.5748,6724756.0,0.44511,930149437822426.0,930149437822426.0,999990000000000.0,3.75e-06,-56.51266,2024-12-04T00:16:20.770Z,8.00816e-07,103.72046,2024-08-05T13:31:33.427Z,0,2025-12-09T13:59:04.126Z,0.2431389740556119,0.5747966165761341,-4.029563213816827,0.005748,2.3021816069084133,0.04757499169779216,2025-12-09 14:16:56
syrupusdc,syrupusdc,syrupUSDC,1.14,1516977133,72,30031004.0,1.14,1.14,0.00044052,0.03863,32289072.0,2.17481,1329881096.896649,1329790101.540419,0.0,1.14,-0.34918,2025-11-24T04:11:48.401Z,1.055,8.16568,2025-08-01T06:27:19.933Z,0,2025-12-09T13:58:58.313Z,-0.0079782687828307,0.0386333815268971,0.1142740343287269,0.00038629999999999996,0.07645201716436345,0.04755780523294152,2025-12-09 14:16:56
worldcoin-wld,wld,Worldcoin,0.607235,1448729938,73,132671210.0,0.617581,0.584825,0.01463596,2.46979,33222453.0,2.34703,2388035725.014134,10000000000.0,10000000000.0,11.74,-94.83872,2024-03-10T00:10:42.330Z,0.557914,8.61282,2025-12-01T19:35:12.590Z,0,2025-12-09T13:58:59.663Z,-0.0233851072904903,2.4697920428831996,4.907663791254307,0.024697900000000002,3.6887268956271537,0.04541822993091581,2025-12-09 14:16:56
pax-gold,paxg,PAX Gold,4208.14,1431285170,74,88347986.0,4219.48,4185.69,-5.17679219704587,-0.12287,-27634.82416534424,-0.00193,340140.854,340140.854,0.0,4448.72,-5.47035,2025-10-16T23:50:09.513Z,1399.64,200.45972,2019-11-18T03:09:35.959Z,0,2025-12-09T13:58:56.360Z,-0.0550446561196972,-0.122867516063284,-0.085359042830483,-0.0012286999999999999,0.1041145214152415,0.044871329874988694,2025-12-09 14:16:56
global-dollar,usdg,Global Dollar,0.999768,1395513461,75,29479197.0,0.999927,0.999603,-0.0001114262360957,-0.01114,27336317.0,1.99801,1395840311.488746,1395840311.488746,0.0,1.65,-39.57873,2025-01-30T00:11:05.728Z,0.907561,10.15009,2024-11-11T23:55:50.604Z,0,2025-12-09T13:59:03.663Z,0.0034310203686046,-0.0111439709656694,-0.0090732238143678,-0.00011140000000000001,0.0101066119071839,0.043749873306881376,2025-12-09 14:16:56
syrupusdt,syrupusdt,syrupUSDT,1.11,1363673688,76,417859.0,1.11,1.11,0.00118545,0.10723,60605351.0,4.65097,1232236916.231732,1232107573.962949,0.0,1.11,-0.1348,2025-12-02T22:23:24.111Z,1.093,1.21457,2025-09-30T09:40:48.362Z,0,2025-12-09T13:58:58.308Z,0.0028046513815226,0.1072343141938304,0.0679108273916477,0.0010723,0.08757041369582386,0.04275168441526604,2025-12-09 14:16:56
kaspa,kas,Kaspa,0.04989089,1335991865,77,22246293.0,0.053697,0.04984436,-0.0036319538379579,-6.7858,-99320467.0452404,-6.91978,26777148610.50726,26999323695.01252,28704026601.0,0.207411,-75.93686,2024-08-01T00:40:47.164Z,0.00017105,29078.44027,2022-05-26T14:42:59.316Z,0,2025-12-09T13:59:04.747Z,-0.0489476026087293,-6.785801055532145,-6.537116335518063,-0.067858,6.661458167759031,0.04188384882428172,2025-12-09 14:16:56
kucoin-shares,kcs,KuCoin,10.27,1332791392,78,4282303.0,10.3,10.11,0.055456,0.54286,7063511.0,0.5328,129675261.7355671,142175261.7355671,0.0,28.83,-64.30917,2021-12-01T15:09:35.541Z,0.342863,2901.08935,2019-02-07T00:00:00.000Z,0,2025-12-09T13:59:04.778Z,-0.0420317738796439,0.542862628574807,5.308377106051272,0.0054286000000000004,2.925618553025636,0.04178351278870399,2025-12-09 14:16:56
bfusd,bfusd,BFUSD,0.999002,1318803089,79,21175614.0,0.999357,0.998935,-5.5124597632905e-05,-0.00552,118316.0,0.00897,1320000000.0,1320000000.0,0.0,1.007,-0.77809,2025-10-10T21:40:40.468Z,0.99712,0.19753,2025-11-07T12:33:03.134Z,0,2025-12-09T13:59:01.252Z,-0.0062781990422469,-0.0055176602557854,-0.0257934400966413,-5.52e-05,0.01565672004832065,0.041344974214099536,2025-12-09 14:16:56
rocket-pool-eth,reth,Rocket Pool ETH,3580.63,1307487278,80,10749230.0,3636.24,3548.58,-33.163612672557974,-0.91769,-16126446.481681349,-1.21837,365234.8342822451,365232.7197273361,0.0,5618.08,-36.18883,2025-08-24T19:25:20.811Z,887.26,304.04729,2022-06-18T20:55:45.957Z,0,2025-12-09T13:58:57.284Z,-0.8888235551618476,-0.9176944641142042,10.324918323373035,-0.0091769,5.621304161686518,0.040990219271599834,2025-12-09 14:16:56
hashnote-usyc,usyc,Circle USYC,1.11,1303484327,81,2664153.0,1.11,1.11,-5.196418460196e-06,-0.00047,2356021.0,0.18108,1174220742.431294,1174220742.431294,0.0,1.12,-0.60319,2025-03-04T19:26:50.778Z,1.026,8.18454,2024-12-05T22:31:20.475Z,0,2025-12-09T03:23:35.529Z,0.0,-0.0004681079514789,0.1990242194427309,-4.7e-06,0.09974710972136545,0.04086472524807522,2025-12-09 14:16:56
polygon-ecosystem-token,pol,POL (ex-MATIC),0.123338,1301359359,82,58252758.0,0.12507,0.121626,-0.0008937877687883,-0.71945,-9885236.696906328,-0.75388,10553294505.00246,10553294505.00246,0.0,1.29,-90.40881,2024-03-13T18:55:06.692Z,0.117067,5.48908,2025-12-02T03:35:58.502Z,0,2025-12-09T13:59:07.077Z,-0.3869495455668699,-0.7194534308868756,1.583557374120688,-0.0071945,1.1515036870603441,0.0407981066998639,2025-12-09 14:16:56
aptos,apt,Aptos,1.77,1299462171,83,229299161.0,1.81,1.73,-0.0063801862919838,-0.35998,-4300599.867149353,-0.32986,736279385.5890781,1187828806.519315,0.0,19.92,-91.15971,2023-01-26T14:25:17.390Z,1.68,5.12837,2025-12-07T15:05:38.366Z,0,2025-12-09T13:59:00.945Z,-0.1045332648643605,-0.3599810245998025,-6.532246866798825,-0.0035998000000000002,3.446113433399413,0.04073862914055762,2025-12-09 14:16:56
ripple-usd,rlusd,Ripple USD,1.0,1293530698,84,42020766.0,1.0,0.999014,0.00095497,0.09556,1252495.0,0.09692,1293131647.651246,1293131647.651246,0.0,1.073,-6.81072,2024-12-26T10:45:52.337Z,0.962292,3.89274,2024-12-18T04:40:40.880Z,0,2025-12-09T13:58:57.157Z,0.0445508501028181,0.0955591635756243,0.0650956932223308,0.0009556,0.0803278466111654,0.0405526752250094,2025-12-09 14:16:56
binance-bridged-usdc-bnb-smart-chain,usdc,Binance Bridged USDC (BNB Smart Chain),0.999771,1288991955,85,171497291.0,1.0,0.99936,-4.2882540494893e-05,-0.00429,84063.0,0.00652,1288999879.839804,1288999879.839804,0.0,1.031,-3.05433,2024-03-05T20:15:29.285Z,0.942892,6.01093,2024-12-05T22:30:25.440Z,0,2025-12-09T13:59:01.596Z,-0.0124517434109253,-0.0042890503490075,0.00064319664971,-4.2900000000000006e-05,0.002466598324855,0.04041038392021597,2025-12-09 14:16:56
quant-network,qnt,Quant,86.84,1262532644,86,14886279.0,89.43,85.93,-1.9591034084893837,-2.20612,-31027042.909698486,-2.39858,14544176.164081177,14612493.0,14612493.0,427.42,-79.62039,2021-09-11T09:15:00.668Z,0.215773,40269.69053,2018-08-23T00:00:00.000Z,"{'times': 10.98885439723806, 'currency': 'eth', 'percentage': 1098.885439723806}",2025-12-09T13:58:56.919Z,-0.5945779477452754,-2.2061235561502865,-12.542837052609991,-0.0220612,7.374478526304996,0.039580874541490334,2025-12-09 14:16:56
sky,sky,Sky,0.054575,1250967638,87,10398049.0,0.055167,0.052765,0.00107912,2.01718,25525731.0,2.08298,22930185457.860844,23462665147.36596,23462665147.3,0.100535,-45.71171,2024-12-04T10:13:57.264Z,0.03582727,52.33887,2025-02-03T05:01:48.626Z,0,2025-12-09T13:58:57.590Z,-0.0791061271940808,2.0171817539617,1.067364200841429,0.020171800000000004,1.5422721004207145,0.03921830724175912,2025-12-09 14:16:56
arbitrum,arb,Arbitrum,0.214436,1203877429,88,125830259.0,0.216111,0.20962,0.00191309,0.90018,7995018.0,0.66855,5618148833.0,10000000000.0,10000000000.0,2.39,-90.99828,2024-01-12T12:29:59.231Z,0.186907,15.11943,2025-12-01T17:41:29.848Z,0,2025-12-09T13:59:00.822Z,-0.602706696866964,0.9001808000493093,10.232714398106264,0.009001799999999999,5.566447199053132,0.037742011429987975,2025-12-09 14:16:56
gatechain-token,gt,Gate,10.26,1203517586,89,1646185.0,10.51,10.26,-0.1618740300690291,-1.5539,-18608870.96976328,-1.52266,117344473.53114802,300000000.0,0.0,25.94,-60.38941,2025-01-25T03:07:37.823Z,0.25754,3889.57438,2020-03-13T02:18:02.481Z,0,2025-12-09T13:59:03.679Z,-0.2753754818504993,-1.553903605326407,4.205067088728394,-0.015539,2.879483544364197,0.03773073021622663,2025-12-09 14:16:56
wbnb,wbnb,Wrapped BNB,883.57,1195666894,90,116897077.0,911.49,882.05,-26.730093798252824,-2.9364,-36651830.683419466,-2.97422,1354528.052152261,1354419.978750862,0.0,1372.03,-35.46844,2025-10-13T08:47:24.374Z,23.6,3651.17772,2020-09-24T13:48:40.532Z,0,2025-12-09T13:59:00.125Z,-0.5675719692126516,-2.9363993158958164,5.0045751462978085,-0.029363999999999998,3.970487573148904,0.03748460806121336,2025-12-09 14:16:56
algorand,algo,Algorand,0.133169,1175143073,91,29408279.0,0.135815,0.132041,-0.002068194375303,-1.52931,-16405877.104009628,-1.37685,8824344611.91404,8824388393.277937,10000000000.0,3.56,-96.25124,2019-06-20T14:51:19.480Z,0.087513,52.54679,2023-09-11T19:42:08.247Z,"{'times': -0.9445127864054718, 'currency': 'usd', 'percentage': -94.45127864054717}",2025-12-09T13:59:00.697Z,-0.2717542186844185,-1.5293053097095566,1.0436601915840944,-0.015293099999999999,1.286485095792047,0.03684117853250091,2025-12-09 14:16:56
binance-staked-sol,bnsol,Binance Staked SOL,143.8,1146152978,92,1763672.0,150.74,143.69,-6.21665635644996,-4.144,-40351567.449894905,-3.40088,7970505.851279146,7970505.907314511,0.0,297.96,-51.73997,2025-01-19T11:30:53.744Z,100.21,43.49161,2025-04-07T06:56:20.488Z,0,2025-12-09T13:59:01.217Z,-0.5369074911002204,-4.143997389790983,2.7615511320076207,-0.041440000000000005,3.4527755660038104,0.035932328120914334,2025-12-09 14:16:56
official-trump,trump,Official Trump,5.74,1144240331,93,187853118.0,5.75,5.64,0.01234088,0.21552,-930586.1895592212,-0.08126,199999973.087224,1000000000.0,1000000000.0,73.43,-92.22472,2025-01-19T11:50:34.806Z,4.29,33.06624,2025-01-18T03:40:29.231Z,0,2025-12-09T13:59:06.298Z,0.6067831389006532,0.2155211312390864,-0.2071676131918738,0.0021552,0.21134380659593688,0.03587236591612785,2025-12-09 14:16:56
kelp-dao-restaked-eth,rseth,Kelp DAO Restaked ETH,3298.73,1136467958,94,115620.0,3353.23,3267.08,-34.82931622940396,-1.04481,3784114.0,0.33408,344517.0722312482,344517.0722312482,0.0,5190.42,-36.47266,2025-08-24T19:13:49.359Z,1029.61,220.25158,2025-09-02T07:53:14.684Z,0,2025-12-09T13:59:04.681Z,-0.6980719639008266,-1.0448094221287787,10.262578933298988,-0.0104481,5.653694466649494,0.035628699091301834,2025-12-09 14:16:56
cosmos,atom,Cosmos Hub,2.25,1082111283,95,35962287.0,2.27,2.2,0.00688971,0.30783,1938036.0,0.17942,482077379.85611,482077379.85611,0.0,44.45,-94.92836,2022-01-17T00:34:41.497Z,1.16,94.32138,2020-03-13T02:27:44.591Z,"{'times': 21.45042392115838, 'currency': 'usd', 'percentage': 2145.042392115838}",2025-12-09T13:59:02.449Z,-0.2490360238251318,0.3078302946285879,-1.263771096295218,0.0030783,0.785800548147609,0.03392459682995265,2025-12-09 14:16:56
vechain,vet,VeChain,0.01252146,1076644464,96,21657644.0,0.01271005,0.0123826,-0.0001365320011327,-1.07862,-12889572.004570724,-1.18304,85985041177.0,85985041177.0,86712634466.0,0.280991,-95.52611,2021-04-19T01:08:21.675Z,0.00191713,555.73051,2020-03-13T02:29:59.652Z,"{'times': 0.40699647791872223, 'currency': 'eth', 'percentage': 40.69964779187222}",2025-12-09T13:58:59.231Z,-0.6268060766634147,-1.078623016295115,-0.5009663123267618,-0.0107862,0.7897931561633809,0.03375320999254425,2025-12-09 14:16:56
filecoin,fil,Filecoin,1.48,1070096412,97,101741672.0,1.52,1.47,-0.0280490784751332,-1.86291,-20797698.802600503,-1.90648,724822500.0,1958707381.0,0.0,236.84,-99.3752,2021-04-01T13:29:41.564Z,0.848008,74.497,2025-10-10T21:26:46.200Z,0,2025-12-09T13:59:03.331Z,-0.3915933921881609,-1.8629143362331075,-0.3403429752586908,-0.0186291,1.1016264876293453,0.03354792609280917,2025-12-09 14:16:56
ignition-fbtc,fbtc,Function FBTC,90617.0,1059699216,98,32892.0,92895.0,87930.0,-1489.697233302781,-1.61736,-17678889.96913159,-1.64092,11702.4643183,11702.4643183,0.0,127954.0,-29.28086,2025-10-06T12:50:40.428Z,11469.83,688.92244,2024-09-10T18:18:02.102Z,0,2025-12-09T13:59:05.310Z,-0.1747616658248193,-1.6173586502841744,6.293414059986048,-0.0161736,3.955387029993024,0.033221970077006314,2025-12-09 14:16:56
usdtb,usdtb,USDtb,1.001,1050131645,99,355824.0,1.003,0.997175,0.0008138,0.08139,1140133.0,0.10869,1049530737.146182,1049530737.146182,0.0,1.057,-5.4405,2025-09-20T13:20:33.315Z,0.900502,10.99465,2025-07-17T08:05:52.672Z,0,2025-12-09T13:58:59.000Z,0.0501422320391603,0.0813938025297504,0.0322678295680446,0.0008139,0.0568289147840223,0.03292202311783858,2025-12-09 14:16:56
liquid-staked-ethereum,lseth,Liquid Staked ETH,3350.54,1040156642,101,69954.0,3374.92,3318.25,-8.90046102944325,-0.26494,-2855831.8964856863,-0.27381,310444.1123872404,310444.1123872404,0.0,5334.09,-37.27614,2025-08-24T19:17:38.271Z,1384.61,141.63879,2023-03-10T11:26:12.210Z,0,2025-12-09T13:59:04.916Z,-0.0599344774375295,-0.264938507846853,10.914887247788585,-0.0026494,5.589913623894292,0.03260930301181177,2025-12-09 14:16:56
